{
  "type": "botanypots:crop",
  "conditions": [
    {
      "type": "forge:mod_loaded",
      "modid": "xlfoodmod"
    }
  ],
  "seed": {
    "item": "xlfoodmod:onion"
  },
  "categories":["dirt"],
  "growthTicks": 3,
  "growthModifier": 1.9,
  "display": {
    "block": "xlfoodmod:onion_plant",
    "properties": {
      "age": 7
    }
  },
  "results": [
    {
      "chance": 0.75,
      "output": {
        "item": "xlfoodmod:onion"
      },
      "minRolls": 1,
      "maxRolls": 2
    },
	{
      "chance": 0.20,
      "output": {
        "item": "xlfoodmod:onion"
      },
      "minRolls": 1,
      "maxRolls": 1
    }
  ]
}