{
    "type": "minecraft:crafting_shapeless",
    "ingredients": [
        {
            "item": "minecraft:string"
        },
        {
            "item": "minecraft:paper"
        },
        {
            "tag": "minecraft:wooden_pressure_plate"
        },
        {
            "item": "minecraft:paper"
        },
        {
            "tag": "minecraft:wooden_pressure_plate"
        },
        {
            "item": "minecraft:paper"
        }
    ],
    "result": {
        "item": "minecraft:book",
        "count": 1
    }
}