{
  "type": "bonsaitrees2:sapling",
  "sapling": {
    "item": "bloomful:white_wisteria_sapling"
  },
  "drops": [
    {
      "result": {
        "item": "minecraft:oak_log"
      },
      "rolls": 1,
      "chance": 0.75
    },
    {
      "result": {
        "item": "bloomful:wisteria_log"
      },
      "rolls": 3,
      "chance": 0.2
    },
    {
      "result": {
        "item": "bloomful:white_wisteria_leaves"
      },
      "rolls": 1,
      "chance": 0.1
    },
    {
      "result": {
        "item": "bloomful:white_wisteria_vine"
      },
      "rolls": 1,
      "chance": 0.06
    },
    {
      "result": {
        "item": "bloomful:white_wisteria_sapling"
      },
      "rolls": 1,
      "chance": 0.05
    }
  ],
  "compatibleSoilTags": [
    "grass",
    "dirt"
  ]
}