{
  "type": "bonsaitrees2:sapling",

  "sapling": {
    "item": "bloomful:blue_qisteria_sapling"
  },

  "drops": [
    {
      "result": {
        "item": "minecraft:stick"
      },
      "rolls": 3,
      "chance": 0.2
    },

    {
      "result": {
        "item": "bloomful:wisteria_log"
      },
      "rolls": 1,
      "chance": 0.75
    },

    {
      "result": {
        "item": "bloomful:blue_wisteria_leaves"
      },
      "rolls": 1,
      "chance": 0.1
    },

    {
      "result": {
        "item": "bloomful:blue_wisteria_vine"
      },
      "rolls": 1,
      "chance": 0.1
    },

    {
      "result": {
        "item": "bloomful:blue_qisteria_sapling"
      },
      "rolls": 1,
      "chance": 0.05
    }
  ],

  "compatibleSoilTags": ["dirt", "grass"]
}