{
  "type": "bonsaitrees2:sapling/bloomful/blue_wisteria",
  "version": 3,
  "ref": {
    "a": {"block":"bloomful:wisteria_log","properties":{"axis":"y"}},
    "b": {"block":"bloomful:blue_wisteria_leaves","properties":{"distance":"3","persistent":"false"}},
    "c": {"block":"bloomful:blue_wisteria_leaves","properties":{"distance":"4","persistent":"false"}},
    "d": {"block":"bloomful:blue_wisteria_leaves","properties":{"distance":"5","persistent":"false"}},
    "e": {"block":"bloomful:blue_wisteria_leaves","properties":{"distance":"2","persistent":"false"}},
    "f": {"block":"bloomful:blue_wisteria_leaves","properties":{"distance":"1","persistent":"false"}},
    "g": {"block":"bloomful:blue_wisteria_leaves","properties":{"distance":"6","persistent":"false"}},
    "h": {"block":"bloomful:blue_wisteria_vine","properties":{"half":"lower"}},
    "i": {"block":"bloomful:blue_wisteria_vine","properties":{"half":"upper"}},
    "j": {"block":"bloomful:blue_wisteria_leaves","properties":{"distance":"7","persistent":"false"}},
    "k": {"block":"bloomful:blue_wisteria_leaves","properties":{"distance":"8","persistent":"false"}}
  },
  "shape": [
    [
      "        ",
      "        ",
      "        ",
      "        ",
      "   d    ",
      "        ",
      "        ",
      "        ",
      "        ",
      "        ",
      "        ",
      "        "
    ],
    [
      "        ",
      "        ",
      "  jgg   ",
      " jgddg  ",
      " gdccd  ",
      " dcd g  ",
      "     j  ",
      "     k  ",
      "     i  ",
      "     h  ",
      "        ",
      "        "
    ],
    [
      "        ",
      "  jgg   ",
      " jgddg  ",
      "jgdccdg ",
      "gdcbbcd ",
      "dcb     ",
      "gd      ",
      "        ",
      "        ",
      "        ",
      "        ",
      "        "
    ],
    [
      "        ",
      " jgddg  ",
      "jgdccdg ",
      "gdcbbcd ",
      "dcbeebc ",
      " be  i  ",
      " c   h  ",
      " d      ",
      "        ",
      "        ",
      "        ",
      "        "
    ],
    [
      "   d    ",
      " gdccd  ",
      "gdcbbcd ",
      "dcbeebc ",
      "cbeffebc",
      "d fafeb ",
      "   af c ",
      "   a    ",
      "   a    ",
      "   a    ",
      "   a    ",
      "   a    "
    ],
    [
      "        ",
      " dcbbc  ",
      "dcbeebc ",
      "cbeffeb ",
      "befaafe ",
      "  faaf  ",
      "  e fe  ",
      "    eb  ",
      "    ii  ",
      "    hh  ",
      "        ",
      "        "
    ],
    [
      "        ",
      "  dcc   ",
      " dcbbc  ",
      "dcbeebc ",
      "cbeffeb ",
      " c ffe  ",
      " d ie   ",
      "   h    ",
      "        ",
      "        ",
      "        ",
      "        "
    ],
    [
      "        ",
      "        ",
      "  dcc   ",
      " dcbbc  ",
      " cbeeb  ",
      " dc  b  ",
      " i      ",
      " h      ",
      "        ",
      "        ",
      "        ",
      "        "
    ]
  ]
}
