{
  "type": "bonsaitrees2:sapling/bloomful/pink_wisteria",
  "version": 3,
  "ref": {
    "a": {"block":"bloomful:pink_wisteria_vine","properties":{"half":"upper"}},
    "b": {"block":"bloomful:wisteria_log","properties":{"axis":"y"}},
    "c": {"block":"bloomful:pink_wisteria_leaves","properties":{"distance":"6","persistent":"false"}},
    "d": {"block":"bloomful:pink_wisteria_leaves","properties":{"distance":"3","persistent":"false"}},
    "e": {"block":"bloomful:pink_wisteria_leaves","properties":{"distance":"7","persistent":"false"}},
    "f": {"block":"bloomful:pink_wisteria_leaves","properties":{"distance":"4","persistent":"false"}},
    "g": {"block":"bloomful:pink_wisteria_vine","properties":{"half":"lower"}},
    "h": {"block":"bloomful:pink_wisteria_leaves","properties":{"distance":"5","persistent":"false"}},
    "i": {"block":"bloomful:pink_wisteria_leaves","properties":{"distance":"2","persistent":"false"}},
    "j": {"block":"bloomful:pink_wisteria_leaves","properties":{"distance":"1","persistent":"false"}},
    "k": {"block":"bloomful:pink_wisteria_leaves","properties":{"distance":"8","persistent":"false"}}
  },
  "shape": [
    [
      "        ",
      "        ",
      "        ",
      "        ",
      "   h    ",
      "        ",
      "        ",
      "        ",
      "        ",
      "        ",
      "        ",
      "        ",
      "        ",
      "        "
    ],
    [
      "        ",
      "        ",
      "  cce   ",
      " chhce  ",
      " hffhc  ",
      " h  fh  ",
      " h  hc  ",
      "        ",
      "        ",
      "        ",
      "        ",
      "        ",
      "        ",
      "        "
    ],
    [
      "        ",
      "  cce   ",
      " chhce  ",
      "chffhce ",
      "hfddfhc ",
      " fdid   ",
      " fdi    ",
      "  f     ",
      "  a     ",
      "  g     ",
      "        ",
      "        ",
      "        ",
      "        "
    ],
    [
      "        ",
      " chhce  ",
      "chffhce ",
      "hfddfhc ",
      "fdiidfh ",
      " d j    ",
      "   j    ",
      "        ",
      "        ",
      "        ",
      "        ",
      "        ",
      "        ",
      "        "
    ],
    [
      "   h    ",
      " hffhc  ",
      "hfddfhc ",
      "fdiidfh ",
      "dijjidfh",
      "dijbji  ",
      "   bji  ",
      "   b    ",
      "   b    ",
      "   b    ",
      "   b    ",
      "   b    ",
      "   b    ",
      "   b    "
    ],
    [
      "        ",
      " fdfhc  ",
      "fdidfhc ",
      "dijidfh ",
      "ijbjidf ",
      "  j   h ",
      "  i   c ",
      "  d   e ",
      "  f   k ",
      "  a   a ",
      "  g   g ",
      "        ",
      "        ",
      "        "
    ],
    [
      "        ",
      "  fhc   ",
      " fdfhc  ",
      "fdidfhc ",
      "dij dfh ",
      "   h hc ",
      "   c c  ",
      "        ",
      "        ",
      "        ",
      "        ",
      "        ",
      "        ",
      "        "
    ],
    [
      "        ",
      "        ",
      "  fhc   ",
      " fdfhc  ",
      " didfh  ",
      "  dfh   ",
      "  fhc   ",
      "   aa   ",
      "   gg   ",
      "        ",
      "        ",
      "        ",
      "        ",
      "        "
    ]
  ]
}
