{
  "type": "bonsaitrees2:sapling/bloomful/white_wisteria",
  "version": 3,
  "ref": {
    "a": {"block":"bloomful:wisteria_log","properties":{"axis":"y"}},
    "b": {"block":"bloomful:white_wisteria_vine","properties":{"half":"lower"}},
    "c": {"block":"bloomful:white_wisteria_leaves","properties":{"distance":"5","persistent":"false"}},
    "d": {"block":"bloomful:white_wisteria_leaves","properties":{"distance":"4","persistent":"false"}},
    "e": {"block":"bloomful:white_wisteria_leaves","properties":{"distance":"6","persistent":"false"}},
    "f": {"block":"bloomful:white_wisteria_leaves","properties":{"distance":"7","persistent":"false"}},
    "g": {"block":"bloomful:white_wisteria_leaves","properties":{"distance":"3","persistent":"false"}},
    "h": {"block":"bloomful:white_wisteria_leaves","properties":{"distance":"2","persistent":"false"}},
    "i": {"block":"bloomful:white_wisteria_leaves","properties":{"distance":"1","persistent":"false"}},
    "j": {"block":"bloomful:white_wisteria_vine","properties":{"half":"upper"}}
  },
  "shape": [
    [
      "        ",
      "        ",
      "        ",
      "        ",
      "   d    ",
      "        ",
      "        ",
      "        ",
      "        ",
      "        ",
      "        ",
      "        ",
      "        ",
      "        "
    ],
    [
      "        ",
      "        ",
      "  dce   ",
      " dgdce  ",
      " ghgdc  ",
      "  hgd   ",
      "    c   ",
      "    e   ",
      "    j   ",
      "    b   ",
      "        ",
      "        ",
      "        ",
      "        "
    ],
    [
      "        ",
      "  dce   ",
      " dgdce  ",
      "dghgdce ",
      "ghihgdc ",
      "d i dc  ",
      "c    e  ",
      "        ",
      "        ",
      "        ",
      "        ",
      "        ",
      "        ",
      "        "
    ],
    [
      "        ",
      " dgdce  ",
      "dghgdce ",
      "ghihgdc ",
      "hiaihgd ",
      "  aibdc ",
      "  ai    ",
      "        ",
      "        ",
      "        ",
      "        ",
      "        ",
      "        ",
      "        "
    ],
    [
      "   c    ",
      " cddce  ",
      "cdggdce ",
      "dghhgdc ",
      "ghiihgdc",
      "ghiabd e",
      "  ia    ",
      "   a    ",
      "   a    ",
      "   a    ",
      "   a    ",
      "   a    ",
      "   a    ",
      "   a    "
    ],
    [
      "        ",
      " eccef  ",
      "ecddcef ",
      "cdggdce ",
      "dghhgdc ",
      "dg      ",
      "c       ",
      "        ",
      "        ",
      "        ",
      "        ",
      "        ",
      "        ",
      "        "
    ],
    [
      "        ",
      "  eef   ",
      " eccef  ",
      "ecddcef ",
      "cdggdce ",
      "  ddce  ",
      "   c    ",
      "   e    ",
      "   j    ",
      "   b    ",
      "        ",
      "        ",
      "        ",
      "        "
    ],
    [
      "        ",
      "        ",
      "  eef   ",
      " eccef  ",
      " cddce  ",
      " ec j   ",
      " f  b   ",
      "        ",
      "        ",
      "        ",
      "        ",
      "        ",
      "        ",
      "        "
    ]
  ]
}
